Compound,sexGF1,sGF1,GF07,GF16,GF21,exGF10,exGF16,sexGF2,sGF2,GF08,GF17,GF22,exGF11,exGF17,sexGF3,sGF3,GF09,exGF06,exGF12,exGF18,sexGF4,sGF4,GF10,GF19,exGF07,exGF13,exGF19,sexGF5,sGF5,GF15,GF20,exGF09,exGF14,pooled_QC,pooled_QC,pooled_QC,pooled_QC
Trigonelline,0.108881743,0.036056732,0.172129359,0.077625753,0.181375487,0.202077834,0.144859813,0.071647717,0.03079495,0.207841307,0.158321339,0.097932142,0.205284144,0.166991661,0.070005612,0.080927917,0.152907047,0.258908002,0.116018726,0.179988821,0.064019314,0.070438701,0.184904655,0.137687306,0.28283027,0.117056856,0.180945683,0.09001984,0.082947619,0.077177508,0.161711891,0.135867624,0.186627825,0.133101576,0.153122727,0.127561809,0.136333581
TMAO,0.385932334,NA,NA,NA,NA,0.823554458,0.359181612,0.360359141,NA,NA,NA,NA,0.860244069,0.62324192,0.368546577,NA,NA,0.152319152,0.369061673,0.274974048,0.265484515,NA,NA,NA,0.02774389,0.475919732,0.335746494,0.350759009,NA,NA,NA,NA,0.548982756,0.186151722,0.206328588,0.187703318,0.194354905
Ala,2.668664728,2.626569431,3.136689309,6.294900222,4.274879227,3.497505577,2.552291472,2.793529646,2.623531038,2.874094708,5.750943396,2.807091198,4.13545242,3.493241409,2.086008423,3.627514192,4.00610951,3.226195062,3.859117402,3.179892851,2.822893043,3.126173145,3.427340824,3.199336114,3.546690572,3.249855385,3.549860559,2.937555142,3.221519351,3.613893633,3.001562326,3.318881945,4.211702855,3.106925881,3.566937189,3.313797474,3.348634064
Arg,2.631299735,3.563440492,4.119426752,3.628879712,4.723810713,4.966524299,3.918219332,2.977600543,3.946533203,5.059379458,4.397005348,3.65695927,4.722874283,4.155879968,2.733844606,4.408030861,3.242695934,4.865657006,2.837987143,3.406877452,2.857452484,4.323641511,4.65947659,1.249783675,5.135206532,3.60945471,4.616839101,2.086603518,4.231439178,4.17943755,3.577531646,4.667704626,5.159193694,3.749624544,3.927249404,3.863192552,3.801352193
Asn,0.726949667,0.906911502,0.628115016,2.131879955,1.00533457,0.896737589,0.777304876,0.881297181,0.920239344,0.645967042,1.485555221,0.754701095,0.993549236,0.981547145,0.570314601,1.161100509,0.882870982,0.897705443,1.079594162,1.080927865,0.722280087,1.164134466,0.691834993,0.729373824,0.844687111,0.835881029,1.216154585,0.688971332,1.093678033,1.070470359,0.787396122,0.852610153,1.107228215,0.860573896,0.997877984,0.908124077,0.973568061
Asp,0.186898642,0.748773078,0.305006812,0.268050821,0.217995525,0.217328425,0.242242242,0.159244848,0.635720165,0.769989616,0.349595489,0.200869565,0.268923077,0.298502807,NA,0.67520806,NA,0.244329533,NA,0.21201771,0.168360727,0.567205882,0.183811753,0.304406233,0.157312078,0.210311903,0.340704225,0.214128409,0.631457072,0.257530301,0.182327001,0.212487579,0.298170816,0.315302042,0.373095902,0.281037924,0.270849442
Cys,0.107044144,0.084351439,0.103985717,0.050674036,0.108677925,0.09441477,0.085733803,0.089560395,0.068789376,0.117025478,0.087521782,0.132548249,0.137930712,0.107287113,0.095611335,0.093474741,0.129666719,0.111726503,0.098385435,0.063338962,0.096466325,0.076179394,0.082042958,0.088189065,0.086270099,0.10340323,0.080406112,0.092719738,0.084131122,0.06898334,0.088240418,0.113850134,0.123429841,0.090460422,0.106058136,0.084171489,0.164551008
Gln,4.728654971,2.965572672,2.789244039,7.08994384,4,4.61023278,4.125582198,4.85354155,3.015195246,2.44974107,3.316755153,3.456197042,4.665257025,4.114625345,4.324097877,4.359408568,5.370130559,3.430479994,4.623527513,3.181080629,5.574561404,4.202363867,3.440223971,3.222938389,3.335033769,4.990618143,4.425336164,5.369320821,3.968488819,4.653843146,3.548610394,4.380503409,5.192103004,3.834863643,4.406972138,3.891263097,4.124842925
Glu,0.663868613,1.841703278,0.938992161,1.161334068,0.780399042,1.010015995,0.818941217,0.622998184,1.861025548,2.088888889,1.426002074,0.942064071,1.076682176,0.975913514,0.530964336,1.923629829,0.444746614,0.741866398,0.46667204,0.705880173,0.526850342,1.640638359,0.552596998,1.113987774,0.449148936,0.708026166,0.849306923,0.683106676,1.688076705,1.165303061,0.672353729,0.688432391,1.070007424,0.984331495,1.116552572,0.900760797,0.9319835
Gly,0.450434783,0.599655752,0.480328265,0.738450346,0.673151441,0.486703724,0.447793394,0.491325921,0.635234425,0.453321469,0.803955561,0.58211103,0.514030045,0.43168358,0.37635242,0.791299285,0.348543657,0.489416586,0.468892053,0.418070649,0.461809832,0.781587168,0.470017787,0.480959961,0.483682776,0.494472575,0.415592188,0.45645975,0.650024394,0.748441558,0.552519903,0.478978119,0.500726475,0.479073179,0.581333676,0.492854195,0.551818162
His,1.371124547,1.083017931,0.976025051,2.343441505,1.387100972,1.429427083,1.230499562,1.268607847,1.263048386,0.929858591,1.387236197,1.188896703,1.420184209,1.220214306,1.188691358,1.468540213,1.729579792,1.24519552,1.467952599,0.860410655,1.351116459,1.491497509,1.188927477,1.130717185,1.317278637,1.349067475,1.657057654,1.377337734,1.256470204,1.377813101,1.22704232,1.440186574,1.546906767,1.142987698,1.438945927,1.299243412,1.359891561
Ile,1.175151035,1.647606888,1.426846945,1.755807754,1.87489596,1.908062297,1.269303813,1.616191413,1.689763745,1.971355499,2.240190693,1.582683915,1.928762289,1.654594371,1.146565338,1.928847116,3.044078499,1.868561813,1.59374199,1.519499911,1.100423405,1.947781029,1.913339614,1.597549076,1.701852015,1.42472971,2.054405071,1.123948894,1.803120193,1.818454582,1.442631265,1.787479331,2.048386318,1.457551595,1.825834337,1.525325983,1.674258883
Leu,2.385564092,3.646951134,2.454913981,3.719587846,3.816102387,3.58195995,2.501064369,3.236539225,3.652897768,3.518031942,4.429351814,3.207886738,3.973067076,3.296333003,2.247500258,4.231626815,7.701289043,3.350775035,3.403857694,2.468271335,2.196074596,4.066079695,3.27932609,3.122340426,3.295288595,2.69966805,4.070540591,2.230272953,3.724778664,3.837551653,2.749037536,3.821905952,3.937247562,3.122419587,3.689189189,3.104334149,3.349546279
Lys,2.320522145,2.857572444,2.663679537,3.114039108,3.850575394,3.582934659,2.294379824,2.453063045,2.962362781,3.050110167,3.730062268,2.798318628,3.944569111,2.960829055,1.837782588,3.950160177,4.726346836,3.354605848,2.328721433,2.803911188,2.245100995,3.537098862,2.978485279,2.77006043,3.516011494,2.511461891,3.913588591,2.069281751,3.143400533,3.259037525,3.146304187,3.481040439,3.669724771,3.065947075,3.372383229,2.921103485,2.759140613
Met,1.072965772,0.922942643,1.198612488,1.552518866,1.943019943,2.039392422,1.067540723,1.147989276,0.998301053,1.175554507,2.376619464,1.040896698,1.90108221,1.390986908,0.83769523,1.913472379,1.56547756,1.528322107,1.401857585,1.435075013,1.038645519,1.443379482,1.401802867,1.162244658,1.714556091,1.151393026,1.8268383,1.120967742,1.395932766,1.277871908,1.047653604,1.454501217,1.900342335,1.299202128,1.432519847,1.285142658,1.478520935
Phe,1.157357357,1.387018396,0.948496732,2.57309322,1.55039664,1.712010331,1.438855706,1.330867242,1.479424285,1.256459948,1.91558807,1.402834401,1.565813953,1.320057929,1.097010716,1.936403509,2.891271057,1.420396959,1.378731707,1.515813424,1.190010858,1.835022858,1.168818272,1.327932371,1.470240907,1.123049084,1.834913688,1.118634583,1.674571805,1.616502683,1.16062364,1.700077399,1.850181008,1.306104523,1.510033445,1.381424291,1.575880337
Pro,0.702849977,0.734346634,0.643083951,1.356382816,1.161869546,1.202140648,0.784539791,0.746961871,0.754647778,0.685476463,1.625252586,0.691704362,1.322153655,0.991181183,0.608323807,1.102091448,0.665008869,0.979408785,0.944621453,1.256865913,0.743484716,0.966267936,0.768370512,0.699902,0.998596864,0.849460514,1.445569314,0.743504693,0.947504743,0.990146259,0.655746746,0.921359156,1.397453526,0.820589359,0.959722405,0.869882331,0.995036819
Ser,1.584206476,2.407893657,2.073153455,5.184874443,2.662754503,2.090220528,2.006509882,1.873298954,2.573065577,2.225424022,3.845217307,2.231534164,2.259460767,2.087600598,1.294500407,3.145142379,2.71411339,2.110435033,2.163062688,1.449202925,1.560235219,2.911292859,3.031563032,2.297343721,2.031602264,1.792834891,2.79255719,1.583870137,3.068530779,2.622039608,2.407065062,1.941186777,2.580595422,2.112940571,2.541627369,2.277655402,2.328227571
Thr,1.95467033,2.441593055,2.620780066,2.960146107,3.647413835,2.947259646,2.183599706,2.380842351,2.67582391,2.669356022,4.82671361,2.718918839,3.221079601,2.866364159,1.592526044,3.288369392,3.156047254,3.098163458,2.495350914,2.743289296,1.794685409,3.158136978,2.978277399,2.70430173,3.336728561,2.588223144,3.933374131,1.809877496,3.087208748,3.72251085,2.809489975,3.033357002,3.524243862,2.643435056,2.977900408,2.674573101,2.814072764
Trp,1.20219643,1.591671535,1.87236122,2.093780302,2.614495039,1.600982787,1.629015508,1.419829977,1.628137507,2.297494509,2.577161467,2.146631675,1.741071138,1.412433155,1.188241021,2.215598427,1.884379878,1.372967589,1.369346227,1.437208478,1.21163558,2.196826606,1.750345089,1.908081028,1.408932766,1.273359813,1.613270574,1.223037566,1.785791355,2.202750382,1.993461875,1.697101675,1.626905122,1.570746694,1.767529795,1.604679223,1.636042166
Tyr,0.973854317,1.018930588,1.103706897,2.682723786,1.610698366,1.583000073,0.811308472,1.281264637,1.302523922,1.367574257,1.628268025,1.318676278,1.617132432,1.023307436,0.925104148,1.541691307,2.35003042,1.048241628,1.412064188,1.374675699,0.874410234,1.444029851,1.385587212,1.416722038,1.104548844,1.099006899,1.334256481,0.798862642,1.211963589,1.484226233,1.14431277,1.731341328,1.320478837,1.211632594,1.395472521,1.256384461,1.37063197
Val,2.431024349,3.366748902,2.938429719,4.638543738,3.632917999,3.518013118,2.741168969,2.957857858,3.56224365,3.791952676,4.479801039,3.056388487,3.983265154,3.653137476,2.208757132,3.868200837,7.796289726,3.541403412,3.059635451,2.61557744,2.263168401,3.982889523,3.659786237,3.309061131,3.53619339,2.632352941,4.38932003,2.317409631,3.667581789,3.615379509,3.060169287,3.415459119,4.598942141,3.250942772,3.785489554,3.372802824,3.395382161
1-Met-His,0.347435364,0.256844253,0.38487946,0.402301408,0.435058122,0.373581509,0.450560014,0.290541845,0.269013659,0.285286406,0.507316511,0.341213752,0.452787209,0.472516693,0.245540716,0.32302251,0.460497215,0.343087637,0.288214964,0.487274136,0.331760992,0.321101938,0.241330308,0.252922024,0.366911756,0.252967618,0.248936639,0.353448157,0.313550855,0.463467044,0.349087996,0.300596853,0.492914102,0.30609958,0.373502473,0.326254765,0.335302629
3-Met-His,0.28409945,0.30184127,0.503117013,0.301829743,0.577095664,0.385198955,0.400459506,0.261989022,0.343551595,0.568127868,0.485893958,0.428502064,0.412716589,0.584401918,0.243908695,0.398785063,0.470613976,0.358019381,0.250198326,0.670500475,0.280317938,0.398164405,0.388834552,0.377126473,0.412403841,0.241830753,0.331181972,0.319732016,0.335989683,0.580679604,0.46707043,0.372469519,0.410769542,0.377519344,0.429967835,0.375826819,0.373770779
5-AVA,NA,NA,NA,NA,NA,NA,NA,NA,NA,NA,NA,NA,NA,NA,NA,NA,NA,0.466847209,NA,0.492155525,NA,NA,NA,NA,0.380165289,NA,0.679112795,NA,NA,NA,NA,0.575209719,NA,NA,NA,NA,NA
AABA,1.225077479,1.550914428,1.210533572,1.029865605,1.418333003,1.247560976,0.920335685,1.360299625,1.79968537,1.609280139,1.697410043,1.582238152,1.605445809,1.005221175,1.269727212,1.468228753,1.647536821,1.212282694,1.556147873,1.301728058,1.473076923,1.70434674,1.296245999,1.026526635,1.505509642,1.742966752,1.55650914,1.504563053,1.440664302,1.940998959,1.345250108,1.250361585,1.622009003,1.250052932,1.513454256,1.403395505,1.34641361
ADMA,0.067198217,0.096846847,0.086719344,0.060668563,0.10874923,0.086790352,0.070844592,0.073568324,0.107922214,0.103421568,0.121802205,0.097354643,0.093785037,0.092754777,0.057506397,0.105981731,0.098333944,0.104164984,0.064589647,0.09355724,0.072089084,0.104630629,0.105636359,0.084275768,0.088306225,0.067909527,0.070005494,0.07084124,0.097880365,0.11430197,0.096504332,0.087243761,0.0939946,0.081328173,0.09843675,0.090247541,0.091798894
alpha-AAA,0.376013352,0.413651623,0.521944444,0.282640232,0.715486194,0.74297655,0.427197495,0.370145965,0.464306111,0.639448173,0.832550861,0.626916868,0.89671625,0.441089242,0.355161787,0.495524526,0.485677912,0.582467651,0.355166286,0.338517841,0.386044817,0.486787204,0.501600854,0.46667936,0.568128426,0.408011869,0.548686963,0.40703125,0.439325114,0.642810811,0.628769018,0.547079857,0.593157651,0.487214927,0.523448276,0.450980392,0.500591017
Anserine,0.592850915,0.663365079,0.744747834,0.413765157,0.688258775,0.619222267,0.544026422,0.471760797,0.808223657,0.847562906,0.590234279,0.694731731,0.940244086,0.627470086,0.406835086,1.049669466,0.644338225,0.586974673,0.419735394,0.444974908,0.521626731,0.89103485,0.689951611,0.42166295,0.420995003,0.429743158,0.631433572,0.600115197,0.892930362,0.428342631,0.8290862,0.71247412,0.537985483,0.58462679,0.702159656,0.606160827,0.601152018
Betaine,2.374903438,2.064422025,2.533538672,7.850364964,3.299153429,4.612592593,2.420331968,2.371061487,2.16278607,2.486897275,3.117005775,2.395410757,4.505886532,3.161510943,1.91355347,3.841645534,3.725267266,2.348602945,3.546215781,3.26697201,2.177169577,3.043030181,3.914884931,2.940776256,2.475269602,3.417556394,4.847764163,2.770999571,3.055405571,2.390459084,2.119046515,3.146412948,4.417381616,3.184123375,3.22394305,3.157193987,3.018452908
Carnosine,0.309068924,0.327418254,0.349936393,0.248213799,0.297406315,0.329427083,0.20703087,0.229199556,0.344902386,0.370667,0.270422864,0.315869667,0.491011181,0.318216044,0.230123457,0.471501909,0.345136922,0.378384751,0.197171525,0.196880358,0.28058564,0.420636555,0.30721144,0.239566982,0.227039648,0.240279971,0.229260799,0.284450184,0.371520226,0.199447837,0.430331251,0.351975489,0.277955272,0.283936731,0.333127995,0.266501435,0.285181143
Cit,0.884686606,0.927939369,1.68738511,1.202060692,2.356947109,1.629244934,1.462173816,0.896143747,1.046689119,1.81608518,2.783681641,1.636665539,1.773638183,1.598215734,0.744853841,1.546173209,3.263422221,1.792557606,0.867724995,1.708855592,0.972949224,1.633653698,2.047656509,1.427190586,1.746468647,1.034703659,1.584708525,0.862838744,1.54167699,2.181216478,1.805617608,1.656764117,1.698135385,1.395064197,1.655299766,1.461451956,1.47844876
Cystine,0.131418471,0.065850843,0.128823803,0.04146581,0.121329963,0.417512391,0.089956487,0.149318929,0.064536369,0.130853239,0.090573938,0.067626246,0.669291339,0.184526253,0.111817631,0.051044204,0.893747527,0.811882522,0.471186301,0.168240691,0.235651394,0.045779426,0.230613235,0.055133589,0.221508679,0.59054917,0.225006713,0.173509154,0.051310572,0.053271347,0.087111661,0.503401064,0.311120896,0.185334797,0.232731248,0.206010753,0.230117368
HArg,0.134615385,0.031634747,0.02403011,NA,0.033462355,0.201431375,0.116043516,0.065501442,0.070800781,NA,NA,0.103015857,0.230046948,0.030494728,0.076439527,NA,NA,0.200043582,0.16271595,0.027463651,0.187812604,0.162691931,0.1212431,0.152293049,0.258645533,0.148622605,0.425258651,0.056341493,NA,0.217237846,0.097310127,0.078514235,0.218116036,NA,0.084661902,0.049500454,0.061204519
HCys,NA,NA,NA,NA,0.004330649,NA,NA,NA,NA,NA,0.00454694,NA,0.005344196,NA,NA,NA,NA,0.004516929,NA,NA,NA,NA,NA,NA,NA,NA,NA,NA,NA,NA,NA,0.004224425,NA,NA,NA,NA,NA
Kynurenine,0.065653739,0.081066327,0.092853239,0.118488628,0.132356788,0.125908984,0.126218134,0.08222131,0.092222289,0.096325214,0.190348525,0.14257637,0.172299399,0.157125225,0.086663128,0.112963524,0.271076948,0.09352556,0.091153664,0.109292954,0.072431099,0.130440075,0.087849023,0.081247828,0.12322955,0.075337732,0.116399046,0.097721556,0.093790058,0.161681487,0.13559322,0.106762404,0.179884896,0.112394333,0.12307363,0.106609178,0.117923024
Met-SO,0.667964747,0.312468828,0.825768087,1.204160718,0.791310541,1.510098481,0.940007946,0.622788204,0.325688073,1.483010854,1.272220548,0.432596183,1.322574521,1.106495468,0.445335585,0.901634724,0.719447641,1.061849357,0.881888545,1.604586998,0.541666667,0.651757188,0.587113935,0.499647805,1.550757054,0.711231821,2.062422853,0.714983022,0.631666321,0.762961708,0.466618287,1.008759124,1.168505135,0.981050532,0.952660982,0.813848295,0.867591082
Orn,0.58742515,0.681867981,0.558959933,1.113148009,0.919918098,0.808432529,0.458412165,0.558359323,0.671934537,0.64335081,1.030913758,0.843920712,0.774868333,0.633198974,0.37163239,0.951768102,1.576183367,0.717882505,0.478542705,0.743343983,0.60358805,0.925579133,0.59973379,1.805109278,0.788990826,0.443076258,1.076028122,0.741987517,0.802272158,0.868206372,0.792749245,0.568792177,0.852187332,0.622804752,0.836891341,0.720255441,0.79550126
PAG,NA,NA,NA,NA,NA,0.061942022,0.059062287,NA,NA,NA,NA,NA,0.041446474,NA,NA,NA,NA,0.105183628,NA,0.07847946,NA,NA,NA,NA,0.142810219,NA,NA,NA,NA,NA,NA,0.129738922,NA,NA,NA,NA,NA
ProBetaine,0.085023175,0.063692719,0.280287474,0.141119221,0.150908399,0.337195767,0.195834984,0.073242145,0.07960199,0.367033543,0.178099196,0.09497991,0.342433777,0.279882155,0.071574008,0.122569738,0.193789241,0.201923515,0.110305958,0.324580153,0.0572691,0.139998662,0.202377915,0.084703196,0.183086029,0.093802681,0.246461998,0.072930073,0.115167505,0.136721433,0.10235125,0.154155731,0.254094708,0.131085957,0.158080643,0.152374135,0.159285503
Sarcosine,NA,0.054282528,0.080548841,0.080667371,0.110670721,0.104845142,0.03382343,0.04622582,0.042325513,0.078862001,0.16963735,0.082350485,0.113153746,0.077588055,NA,0.09633381,0.182079858,0.089055143,0.072652884,0.11797486,NA,0.081453021,0.117457156,0.100398054,0.126305983,0.058088917,0.17140399,0.046018121,0.093704036,0.078609775,0.074191707,0.142690842,0.07990053,0.088754534,0.104078468,0.078208182,0.081250192
SDMA,0.085093244,0.119580983,0.115923267,0.089678725,0.16782618,0.100712106,0.111491443,0.097284691,0.117044335,0.138876538,0.122947101,0.109911678,0.126295188,0.129949549,0.084310302,0.1109319,0.193118165,0.157057135,0.084573218,0.130507066,0.072728512,0.118503539,0.118829824,0.098650675,0.098486398,NA,0.09764208,0.087464977,0.097360778,0.116329008,0.166321491,0.09729111,0.108861335,NA,0.104532305,0.087048161,0.075227477
t4-OH-Pro,1.253585623,1.162285382,1.42924315,0.620932119,2.467724774,1.63762805,0.97156804,1.360824742,1.068248089,1.360115607,2.055794702,1.735918669,1.813860092,1.452994729,1.156370996,1.521865889,0.544368436,1.958610372,1.221595488,1.177306654,1.212691771,1.28033195,1.555714526,1.550782959,1.734630142,1.218233851,1.028259992,1.1447095,1.228363837,1.718226519,1.634385088,1.911210531,1.727551804,1.263816141,1.457533318,1.439050132,1.412939115
Taurine,6.215426365,6.223887067,5.930319834,5.465527432,5.61312419,5.522404892,6.126388246,6.107034448,5.91397918,6.082458308,5.051800217,5.683624086,5.705619941,6.258573429,5.909059807,6.530794744,5.898647585,5.290843371,5.593755779,5.637169846,5.626233209,5.930227142,5.842175863,6.386263751,5.720006732,5.982322985,5.40305284,5.999534106,6.215314351,5.92212485,6.521205341,5.69018166,6.223188124,6.655781049,6.948492482,5.733095946,5.361416184
DCA,NA,NA,NA,NA,NA,NA,0.174494082,NA,NA,NA,NA,NA,NA,NA,NA,NA,NA,NA,NA,0.267219262,NA,NA,NA,NA,NA,NA,NA,NA,NA,NA,NA,NA,NA,NA,NA,NA,NA
TCA,0.172274882,1.052781065,1.117074454,74.21823869,0.399889074,0.456921846,0.192596428,0.249665507,0.88040894,0.322415558,0.86136646,3.433943344,0.380165289,NA,0.383287293,0.862829478,6.768190599,0.238285145,0.226855124,0.965550941,0.728196444,0.90942029,0.770805986,1.746734204,0.18794835,0.719335833,0.572005044,0.48126186,0.601728201,1.463389392,0.665749656,0.238445129,0.173032407,3.784503632,4.699200913,4.167912307,7.707936508
TCDCA,NA,NA,0.09267124,6.761997406,NA,NA,NA,NA,NA,NA,0.078508061,0.138205002,NA,NA,NA,NA,0.632924079,NA,NA,0.152650177,NA,NA,NA,0.239097582,NA,NA,0.117377441,NA,NA,0.17727176,0.086932137,NA,NA,0.252415336,0.30469977,0.274077309,0.307137632
TDCA,NA,NA,NA,NA,NA,0.11820254,0.146262887,NA,NA,NA,NA,NA,0.069387336,NA,NA,NA,NA,NA,NA,0.18980313,NA,NA,NA,NA,NA,0.118017729,0.070546034,NA,NA,NA,NA,NA,NA,NA,NA,NA,NA
TMCA,NA,4.367337278,2.540910287,106.5226179,0.976428175,NA,NA,NA,3.306229196,0.903019447,2.402236025,3.915768363,NA,NA,NA,2.989241528,21.82066967,0.445912263,NA,1.10774493,NA,3.321169772,2.431871882,11.63769661,0.374175036,0.280128548,0.333921816,NA,2.05446452,3.601811125,3.088308116,0.559848305,NA,17.44600484,20.98287671,20.31041355,22.55846561
beta-Ala,1.669851167,1.972609731,2.620284066,1.101154181,1.445113516,2.014420005,1.630188679,1.580506071,2.046897309,3.055124475,1.656908463,1.419219118,2.166968121,2.268546171,1.2965638,2.011626055,1.314892005,1.958899214,1.008790123,0.849976202,1.339545334,1.938739272,2.461302872,1.918459987,1.496144744,1.454040188,1.189326557,1.309641873,1.762820513,1.529261,1.502436126,1.905994868,2.142242615,1.609190241,1.864531649,1.554572538,1.554885141
GABA,NA,NA,NA,0.184171229,NA,NA,NA,NA,NA,NA,NA,0.109617682,NA,NA,NA,NA,NA,NA,NA,NA,NA,NA,0.137064701,NA,NA,NA,NA,NA,NA,NA,NA,NA,NA,NA,NA,NA,NA
Histamine,0.025764476,0.015657266,0.01669973,0.01124532,0.014467396,0.020860862,0.008957061,0.012234518,0.013647842,0.017519334,0.006318855,0.028602731,0.023482605,0.007340555,0.020667112,0.028006298,0.033531027,0.012872925,0.011637463,0.022417634,0.015184234,0.024614253,0.012480312,0.009267601,0.009596764,0.012686894,0.027123076,0.02284252,0.01431063,0.010866492,0.016767254,0.024343933,0.011162176,0.014761588,0.017317021,0.015439083,0.016680305
Putrescine,0.180465666,0.174826896,0.135650895,0.162718086,0.187381738,0.249308192,0.174605196,0.163690428,0.174787585,0.171439465,0.196852538,0.177468447,0.312504672,0.222455864,0.127972094,0.242357513,0.419689865,0.215666959,0.184945891,0.363735616,0.167663192,0.208126704,0.181992472,0.183212642,0.21334067,0.163999909,0.2453934,0.140780602,0.210103428,0.181680438,0.153063298,0.244261511,0.247261795,0.179444456,0.20762474,0.196736782,0.220889037
Serotonin,3.733555371,3.743531241,2.66992596,3.089601749,3.659543702,3.301050392,1.584761628,3.923405286,3.252946198,2.993528412,2.775477027,2.52709471,3.370877268,3.611191373,4.784804906,4.068138766,2.348885364,2.599712174,2.86531471,2.21968823,3.232844948,3.833987914,2.346778569,3.296667745,1.379452205,3.329653308,2.913400871,4.610256502,4.255636319,2.491541661,3.162708487,3.254442125,2.520621562,3.022156573,3.550113506,3.028439351,2.657674212
Spermidine,0.460815322,1.056109371,0.835358362,0.196833906,0.833022678,0.812111018,0.653170849,0.545888449,1.165553616,2.223637842,1.373899325,0.858252502,1.000711406,0.584141665,0.385122638,1.253325942,2.422158391,0.812528024,0.475551993,1.562386635,0.459449154,1.229992084,0.960396773,0.962661457,0.498498176,0.65975241,0.388248915,0.459457473,1.176431776,0.988502037,0.801778656,0.634693552,0.519341119,0.790222368,0.910891089,0.851051615,0.862988053
Spermine,NA,NA,0.076075172,NA,0.044778002,0.063917744,NA,NA,0.05323295,0.191771429,0.065701959,0.09404878,0.069761092,NA,NA,0.096526838,0.084781363,0.067593178,0.061299982,0.065059445,NA,0.065750565,NA,NA,NA,0.050575751,NA,NA,0.069241422,0.046495138,NA,0.0495554,NA,0.148331955,NA,0.05572558,0.055636216
AconAcid,12.9856,8.50084317,14.50347222,5.697947214,25.82793867,13.67720466,12.03448276,10.59429477,11.44078947,17.21280277,24.14356436,25.93064516,17.25347222,13.5375817,12.17268446,10.20943396,17.9005059,15.62674961,10.0504451,13.89855072,13.92,12.68053245,23.71254355,15.41065292,12.94212219,15.06060606,8.518628912,8.082568807,9.156862745,22.97431507,20.62062937,14.1989882,15.16891892,10.66614665,12.45794393,12.52970297,15.44844517
HipAcid,NA,NA,NA,NA,NA,0.049291648,NA,NA,NA,NA,NA,NA,0.100709648,NA,NA,NA,NA,NA,NA,NA,NA,NA,NA,NA,NA,NA,NA,NA,NA,NA,NA,NA,NA,NA,NA,NA,NA
Lac,411.9856,610.306914,611.2569444,410.5601173,574.0085179,593.8519135,482.9702194,398.2123613,557.8815789,586.3771626,616.2755776,521.5612903,611.0069444,522.4166667,411.5729984,677.8660377,385.0944351,470.1944012,405.0667656,536.1996779,433.2144,547.327787,644.8710801,565.3986254,435.7186495,464.8956229,438.0625931,375.5810398,624.6755793,587.4092466,490.0786713,652.623946,519.0929054,466.798752,556.035514,509.2739274,520.0507365
OH-GlutAcid,NA,NA,NA,NA,10.2725724,14.52579035,NA,NA,NA,10.20934256,11.31023102,9.666129032,17.24131944,8.954248366,NA,NA,NA,10.27993779,7.903560831,NA,NA,NA,11.51219512,NA,9.673633441,10.82154882,NA,NA,NA,11.65068493,NA,12.15514334,10.22128378,8.689547582,NA,9.833333333,10.63829787
Suc,61.1904,48.48397976,44.95486111,47.37096774,62.9318569,139.703827,46.59561129,45.09191759,57.08717105,48.60034602,60.64191419,90.44193548,151.625,44.54248366,55.99215071,73.75471698,65.15682968,48.68895801,70.76557864,115.6731079,40.5568,49.07986689,87.17247387,96.80412371,67.68006431,101.8585859,66.9195231,48.61314985,60.90909091,63.68493151,45.96328671,218.0067454,49.69087838,64.90639626,78.19252336,73.32343234,79.18166939
p-Cresol-SO4,NA,NA,NA,NA,NA,0.150440117,NA,NA,NA,NA,NA,NA,NA,0.123835213,NA,NA,NA,8.441924227,NA,0.473979966,NA,NA,NA,NA,6.922238164,NA,0.116519546,NA,NA,NA,NA,1.203839772,NA,0.549394673,0.640696347,0.597907324,0.682804233
AA,3.322926462,4.922159202,3.901005414,0.8421146,4.555750146,2.459381219,3.302405498,3.460460653,5.700043821,4.232424126,4.681894776,5.347790839,2.686560847,3.204442697,3.402344423,8.167822469,1.690379128,3.768040276,2.362163146,3.407736333,3.138156412,9.204701971,3.405063291,3.980120482,1.977113326,2.737565036,1.793819925,3.595048087,4.266577744,5.845604158,3.92199462,2.74515135,3.147920508,4.000182116,3.80959651,3.144331797,4.47400681
DHA,8.13579086,13.35380403,6.561871616,1.646620543,9.194979568,5.051745974,7.209431081,7.54318618,15.27673094,8.984825202,8.60400674,13.03810296,4.621798942,5.233733045,6.919841407,14.04775114,3.595189564,8.109453664,4.682447196,6.569370436,6.458192472,16.69342199,6.753509781,10.14698795,4.26836471,5.477419355,2.551411827,6.744219357,10.6644436,12.98440883,10.30064142,5.424868588,5.778938742,8.313421963,8.658887677,6.604976959,8.28354143
EPA,0.719954862,0.66575396,0.584686775,0.200638638,0.765323993,0.376877149,0.486636121,0.602111324,0.676599474,0.588551671,0.554765025,1.045804621,0.355343915,0.360526833,0.557834856,0.862294432,0.120260905,0.505687115,0.316278223,0.262877442,0.52715799,1.265020185,0.522669735,0.966465863,0.272425249,0.356919875,0.173858995,0.520564764,0.628429878,1.012776094,0.841506311,0.368859888,0.387830363,0.546166454,0.59476554,0.502304147,0.579341657
FA(18:1),2.667329539,1.900671954,2.811433851,0.940579182,2.317477951,2.222962709,1.893806102,2.186465404,2.281847692,2.991034437,1.872246122,2.642079667,1.821372195,1.595110448,2.288822032,1.792832638,0.578583347,2.740291575,1.626859526,1.271547379,2.032705718,2.126820972,2.447216087,2.91144087,1.81101074,2.45790324,0.960296895,1.990639722,1.830724679,2.494265154,2.318333619,2.125076616,1.777347994,1.818689549,2.154062286,2.159853463,2.068396817
FA(18:2),2.894920561,2.354670469,2.355319197,1.276841818,2.208629016,1.881511246,1.429185414,2.209178401,3.330725579,2.360661128,1.933534462,2.852535896,1.332387728,1.489801677,2.366623888,2.335055595,0.612173829,2.004967101,1.63052935,1.153876848,2.415155742,3.114299095,2.548273858,2.431807884,1.887071153,2.102167669,0.902740568,2.044135879,2.17523454,2.562458425,2.066835074,2.010222038,1.698683124,1.854659442,1.856609921,2.498517183,2.655062816
FA(20:1),0.142304486,0.090259869,0.111325736,0.10131433,0.076602771,0.120512912,0.068204233,0.13445919,0.106837904,0.1123126,0.113263205,0.134915944,0.075142771,0.067233749,0.12377159,0.093380029,NA,0.093142927,0.076904289,0.080709894,0.090542358,0.088075929,0.089868158,0.111626727,0.059473549,0.153335846,0.04071296,0.09223301,0.084333333,0.165744347,0.080684866,0.10650111,0.073271872,0.08441576,0.105310497,0.094501376,0.086068894
FA(20:2),0.083162326,0.061511115,0.108952836,0.021969766,0.081256943,0.050791395,0.03033152,0.072414142,0.082693071,0.075341415,0.060580666,0.088023004,0.033629979,0.030736053,0.075782121,0.066630844,NA,0.064206769,0.042587852,0.041309644,0.065109252,0.084202223,0.114680925,0.075215224,0.036251986,0.060766538,0.032895604,0.05748409,0.039967452,0.079562176,0.047696523,0.061648575,0.041005693,0.049007823,0.048591599,0.06838402,0.081635718
FA(20:3),0.05758531,0.034125093,0.03614485,NA,0.02788673,0.028103102,0.028809348,0.057218114,0.03741155,0.04695412,0.021937911,0.041763162,0.02683535,0.022351661,0.052786602,0.039370892,NA,0.054659614,0.031829004,0.022471438,0.032450023,0.040252409,0.024224108,0.045944721,0.018659459,0.038192263,0.015349818,0.039879329,0.034127896,0.040678103,0.037014044,0.031575617,0.030770568,0.037856231,0.040422166,0.027272199,0.029831323
3-IPA,0.247665878,NA,NA,NA,NA,0.169429621,0.104148356,0.252176015,NA,NA,NA,NA,0.129465105,0.176588223,0.321246875,NA,NA,NA,0.123775725,NA,0.171409246,NA,NA,NA,NA,0.221706587,NA,0.172327387,NA,NA,NA,NA,0.164841733,0.06368532,0.070339739,0.064021164,0.055359462
Ind-SO4,4.883412322,NA,NA,NA,NA,13.43905041,9.234791613,6.272143431,NA,NA,NA,NA,11.32181317,7.89529181,9.415976059,NA,NA,12.81829511,9.209893993,10.32470071,7.042125318,NA,NA,NA,13.92740316,10.60283878,8.125851198,1.339421252,NA,NA,NA,9.371889073,5.532407407,3.975786925,4.595605023,4.266068759,4.882010582
Hypoxanthine,0.16346286,2.468115845,2.141981,1.183456759,1.116853729,0.799275362,0.749731921,0.893939394,2.109146054,2.889875843,1.99858765,1.284230275,0.843773508,0.071215772,0.604216031,0.537958564,NA,1.269684914,0.194975919,0.64976767,0.39951647,1.984034648,3.432631939,0.706236897,0.398774933,1.303399953,0.134526951,0.263717836,1.617210984,1.564052642,1.094620398,NA,0.483527645,0.921034099,1.200109836,1.11630042,1.150839143
Xanthine,0.398495945,1.935231491,1.718262717,1.10840143,1.075325851,0.753681943,0.822540485,0.801303924,1.786667213,1.9257655,1.619230552,1.114824723,0.710745146,0.325629792,0.705797042,0.941813195,NA,0.91298536,0.238668602,0.728797552,0.48373654,1.67481211,1.82201971,0.961699726,0.44037834,0.702554049,0.302242744,0.411805258,1.555508165,1.314188367,1.143497572,NA,0.657878467,0.849587678,1.049373676,0.937552495,1.021034512
Choline,12.89556555,31.03091787,18.23587026,12.20870485,15.30079343,14.73943662,15.23263939,10.7211322,29.06764355,22.69733769,19.32053797,16.27174077,13.14786047,18.40421018,12.03263365,30.87978469,12.7825384,14.12230116,8.864329715,15.88103136,11.26893508,25.99168266,17.19044811,17.55738765,10.73274725,9.444494048,11.71788299,11.20019157,28.27103311,21.44914322,13.74498517,13.98658258,17.79663662,14.96206567,19.23148885,15.71304965,16.56757938
